epoch,time,train/box_loss,train/cls_loss,train/dfl_loss,metrics/precision(B),metrics/recall(B),metrics/mAP50(B),metrics/mAP50-95(B),val/box_loss,val/cls_loss,val/dfl_loss,lr/pg0,lr/pg1,lr/pg2
1,4.06885,2.61542,4.62787,2.23049,0,0,0,0,1.2797,4.37744,1.59256,0,0,0
2,4.22726,1.92488,5.50532,1.98307,0,0,0,0,1.28109,4.39264,1.59754,1.9934e-05,1.9934e-05,1.9934e-05
3,4.40092,1.90193,5.09276,1.95236,0,0,0,0,1.28137,4.38445,1.60497,3.9736e-05,3.9736e-05,3.9736e-05
4,4.566,2.57074,4.96977,2.04718,0,0,0,0,1.28718,4.40591,1.60388,5.9406e-05,5.9406e-05,5.9406e-05
5,4.7082,2.31139,5.22483,2.21197,0,0,0,0,1.27818,4.41387,1.60235,7.8944e-05,7.8944e-05,7.8944e-05
6,4.85159,2.10457,5.48867,1.83226,0,0,0,0,1.2902,4.41845,1.60807,9.835e-05,9.835e-05,9.835e-05
7,5.02073,1.99321,6.11196,1.83452,0,0,0,0,1.00519,4.35507,1.31602,0.000117624,0.000117624,0.000117624
8,5.20999,2.19086,5.09737,1.65752,0.00333,1,0.00449,0.00132,0.96351,4.14892,1.15541,0.000136766,0.000136766,0.000136766
9,5.46417,1.38997,4.0811,1.22097,0.00333,1,0.00757,0.00366,0.97439,3.95987,1.01105,0.000155776,0.000155776,0.000155776
10,5.64476,1.33089,3.89461,1.18695,0.00333,1,0.01099,0.00801,0.88045,3.57926,0.84815,0.000174654,0.000174654,0.000174654
11,5.82814,1.18437,3.35331,1.05617,0.00333,1,0.01047,0.00733,1.01723,3.70442,0.872,0.0001934,0.0001934,0.0001934
12,6.00498,1.27726,3.19171,1.065,0.00333,1,0.0099,0.00692,0.99642,3.76346,0.90495,0.000212014,0.000212014,0.000212014
13,6.18059,1.09225,3.0025,1.08956,0.00333,1,0.00909,0.00599,0.92077,3.5304,0.8627,0.000230496,0.000230496,0.000230496
14,6.35809,1.25922,2.44612,1.02715,0.00333,1,0.00888,0.0055,0.80724,3.67088,0.82082,0.000248846,0.000248846,0.000248846
15,6.53586,1.16246,2.09969,1.04209,0.00333,1,0.00888,0.00586,0.86743,3.60838,0.85606,0.000267064,0.000267064,0.000267064
16,6.71301,1.03839,2.38798,1.14101,0.00333,1,0.00926,0.00703,0.76497,3.71284,0.83171,0.00028515,0.00028515,0.00028515
17,6.89045,1.02966,2.04054,0.97566,0.00333,1,0.00934,0.00681,0.75398,3.69808,0.87157,0.000303104,0.000303104,0.000303104
18,7.05863,1.02966,1.55306,0.97918,0.00333,1,0.00934,0.00681,0.75398,3.69808,0.87157,0.000320926,0.000320926,0.000320926
19,7.31439,1.10809,2.08408,0.99235,0.00333,1,0.00995,0.00725,0.63601,3.6142,0.86488,0.000338616,0.000338616,0.000338616
20,7.4831,1.02077,1.88074,1.02892,0.00333,1,0.00995,0.00725,0.63601,3.6142,0.86488,0.000356174,0.000356174,0.000356174
21,7.66155,0.97369,1.46032,1.00698,0.00333,1,0.00905,0.00724,0.6892,3.59058,0.81891,0.0003736,0.0003736,0.0003736
22,7.82982,1.05241,1.922,1.03477,0.00333,1,0.00905,0.00724,0.6892,3.59058,0.81891,0.000390894,0.000390894,0.000390894
23,8.00836,1.02744,1.78282,1.12595,0.00333,1,0.00861,0.00715,0.74663,3.61904,0.83026,0.000408056,0.000408056,0.000408056
24,8.1817,1.04098,1.79921,1.00911,0.00333,1,0.00861,0.00715,0.74663,3.61904,0.83026,0.000425086,0.000425086,0.000425086
25,8.36169,1.01411,2.2231,0.99919,0.00333,1,0.00921,0.00829,0.6375,3.59605,0.82372,0.000441984,0.000441984,0.000441984
26,8.5392,1.1471,2.2979,1.03893,0.00333,1,0.00921,0.00829,0.6375,3.59605,0.82372,0.00045875,0.00045875,0.00045875
27,8.72432,1.28894,1.82906,1.04838,0.00333,1,0.00948,0.00758,0.77349,3.55282,0.84145,0.000475384,0.000475384,0.000475384
28,8.89393,0.88675,1.69512,0.92664,0.00333,1,0.00948,0.00758,0.77349,3.55282,0.84145,0.000491886,0.000491886,0.000491886
29,9.07175,0.93716,1.52727,0.98383,0.00333,1,0.01047,0.00868,0.90872,3.42989,0.87748,0.000508256,0.000508256,0.000508256
30,9.32291,1.01898,1.58739,1.00842,0.00333,1,0.01047,0.00868,0.90872,3.42989,0.87748,0.000524494,0.000524494,0.000524494
31,9.50747,0.85412,1.4859,0.95657,0.00333,1,0.01087,0.00901,0.8076,3.43026,0.86705,0.0005406,0.0005406,0.0005406
32,9.68077,0.84914,1.29082,0.93871,0.00333,1,0.01087,0.00901,0.8076,3.43026,0.86705,0.000556574,0.000556574,0.000556574
33,9.86558,0.90968,1.52013,0.9657,0.00333,1,0.01036,0.00829,0.83549,3.41124,0.86132,0.000572416,0.000572416,0.000572416
34,10.0345,1.01101,1.62877,0.94846,0.00333,1,0.01036,0.00829,0.83549,3.41124,0.86132,0.000588126,0.000588126,0.000588126
35,10.2133,0.91985,1.57842,0.92836,0.00333,1,0.00909,0.00636,0.99955,3.40948,0.86871,0.000603704,0.000603704,0.000603704
36,10.3818,0.81966,1.78106,0.9798,0.00333,1,0.00909,0.00636,0.99955,3.40948,0.86871,0.00061915,0.00061915,0.00061915
37,10.5611,0.79455,1.62634,0.91561,0.00333,1,0.00877,0.00727,0.79016,3.42938,0.80852,0.000634464,0.000634464,0.000634464
38,10.7303,0.87796,1.61759,0.97198,0.00333,1,0.00877,0.00727,0.79016,3.42938,0.80852,0.000649646,0.000649646,0.000649646
39,10.9108,0.73557,1.34448,0.87878,0.00333,1,0.00888,0.00737,0.74313,3.34571,0.79246,0.000664696,0.000664696,0.000664696
40,11.0811,0.88023,1.38764,0.90348,0.00333,1,0.00888,0.00737,0.74313,3.34571,0.79246,0.000679614,0.000679614,0.000679614
41,11.335,0.85419,1.42095,0.88986,0.00333,1,0.01053,0.00873,0.79901,3.37472,0.80303,0.0006944,0.0006944,0.0006944
42,11.5032,0.76071,1.28956,0.92425,0.00333,1,0.01053,0.00873,0.79901,3.37472,0.80303,0.000709054,0.000709054,0.000709054
43,11.6833,0.83928,1.72332,0.902,0.00333,1,0.01042,0.00791,0.81762,3.34005,0.86185,0.000723576,0.000723576,0.000723576
44,11.8532,0.94156,1.53472,1.04018,0.00333,1,0.01042,0.00791,0.81762,3.34005,0.86185,0.000737966,0.000737966,0.000737966
45,12.0316,0.79786,1.41277,0.88161,0.00333,1,0.00975,0.00741,0.86878,3.32525,0.91649,0.000752224,0.000752224,0.000752224
46,12.2029,0.69819,1.36805,0.89453,0.00333,1,0.00975,0.00741,0.86878,3.32525,0.91649,0.00076635,0.00076635,0.00076635
47,12.3863,0.83308,1.31438,0.91207,0.00333,1,0.00934,0.00682,0.88708,3.36406,0.92458,0.000780344,0.000780344,0.000780344
48,12.5548,0.80109,1.48647,0.89727,0.00333,1,0.00934,0.00682,0.88708,3.36406,0.92458,0.000794206,0.000794206,0.000794206
49,12.738,0.99956,1.1127,0.92711,0.00333,1,0.0099,0.00723,0.97584,3.34959,0.95328,0.000807936,0.000807936,0.000807936
50,12.9077,0.76264,1.81034,0.89672,0.00333,1,0.0099,0.00723,0.97584,3.34959,0.95328,0.000821534,0.000821534,0.000821534
51,13.0905,0.73713,1.47665,0.91673,0.00333,1,0.00921,0.007,0.95859,3.4038,0.97217,0.000835,0.000835,0.000835
52,13.3367,1.00116,1.58904,0.93829,0.00333,1,0.00921,0.007,0.95859,3.4038,0.97217,0.000848334,0.000848334,0.000848334
53,13.5121,0.91727,1.4319,0.98692,0.00333,1,0.00921,0.007,0.95859,3.4038,0.97217,0.000861536,0.000861536,0.000861536
54,13.6924,0.78476,1.41765,0.88175,0.00333,1,0.00861,0.00716,0.8654,3.53135,0.90005,0.000874606,0.000874606,0.000874606
55,13.8649,0.81721,1.38226,0.91859,0.00333,1,0.00861,0.00716,0.8654,3.53135,0.90005,0.000887544,0.000887544,0.000887544
56,14.039,0.7626,1.31939,0.90944,0.00333,1,0.00861,0.00716,0.8654,3.53135,0.90005,0.00090035,0.00090035,0.00090035
57,14.2274,0.86484,1.48514,0.90046,0.00333,1,0.00718,0.00619,0.76728,3.37344,0.81288,0.000913024,0.000913024,0.000913024
58,14.398,0.73965,1.6415,0.90363,0.00333,1,0.00718,0.00619,0.76728,3.37344,0.81288,0.000925566,0.000925566,0.000925566
59,14.5721,0.71917,1.15705,0.92399,0.00333,1,0.00718,0.00619,0.76728,3.37344,0.81288,0.000937976,0.000937976,0.000937976
60,14.7582,0.79453,1.29558,0.94327,0.00333,1,0.00618,0.00556,0.67864,3.43629,0.78332,0.000950254,0.000950254,0.000950254
61,14.9308,0.63574,1.40921,0.8995,0.00333,1,0.00618,0.00556,0.67864,3.43629,0.78332,0.0009624,0.0009624,0.0009624
62,15.105,0.80457,1.23379,0.91428,0.00333,1,0.00618,0.00556,0.67864,3.43629,0.78332,0.000974414,0.000974414,0.000974414
63,15.3665,0.77979,1.20545,0.90164,0.00333,1,0.00703,0.00588,0.71035,3.39706,0.81241,0.000986296,0.000986296,0.000986296
64,15.5378,0.58603,1.32551,0.93534,0.00333,1,0.00703,0.00588,0.71035,3.39706,0.81241,0.000998046,0.000998046,0.000998046
65,15.7126,0.65455,1.49796,0.86216,0.00333,1,0.00703,0.00588,0.71035,3.39706,0.81241,0.00100966,0.00100966,0.00100966
66,15.9022,0.68435,1.25658,0.92286,0.00333,1,0.05955,0.05277,0.89589,3.4894,0.86287,0.00102115,0.00102115,0.00102115
67,16.0864,0.70223,1.19772,0.87822,0.00333,1,0.05955,0.05277,0.89589,3.4894,0.86287,0.0010325,0.0010325,0.0010325
68,16.2697,0.74961,1.13011,0.9013,0.00333,1,0.05955,0.05277,0.89589,3.4894,0.86287,0.00104373,0.00104373,0.00104373
69,16.4617,0.67766,1.20888,0.87327,0.32896,0.49345,0.33167,0.24871,1.02387,3.349,0.91016,0.00105482,0.00105482,0.00105482
70,16.6427,0.81178,1.12997,0.90392,0.32896,0.49345,0.33167,0.24871,1.02387,3.349,0.91016,0.00106577,0.00106577,0.00106577
71,16.824,0.7507,1.31116,0.8319,0.32896,0.49345,0.33167,0.24871,1.02387,3.349,0.91016,0.0010766,0.0010766,0.0010766
72,17.0938,0.669,1.12887,0.87524,0.00333,1,0.66333,0.46433,1.08393,3.19737,0.9665,0.00108729,0.00108729,0.00108729
73,17.2734,0.70577,1.5586,0.91959,0.00333,1,0.66333,0.46433,1.08393,3.19737,0.9665,0.00109786,0.00109786,0.00109786
74,17.4503,0.73101,1.18821,0.87984,0.00333,1,0.66333,0.46433,1.08393,3.19737,0.9665,0.00110829,0.00110829,0.00110829
75,17.6359,0.76009,1.45437,0.91451,0.00333,1,0.995,0.72129,0.97722,3.11551,0.93684,0.00111858,0.00111858,0.00111858
76,17.8149,0.72652,1.25403,0.85962,0.00333,1,0.995,0.72129,0.97722,3.11551,0.93684,0.00112875,0.00112875,0.00112875
77,18.0015,0.85315,1.3558,0.97046,0.00333,1,0.995,0.72129,0.97722,3.11551,0.93684,0.00113878,0.00113878,0.00113878
78,18.1967,0.80897,1.08189,0.92194,0.00333,1,0.995,0.74604,0.95347,3.06213,0.90403,0.00114869,0.00114869,0.00114869
79,18.3717,0.68135,1.1496,0.94967,0.00333,1,0.995,0.74604,0.95347,3.06213,0.90403,0.00115846,0.00115846,0.00115846
80,18.5572,0.74457,1.21566,0.84524,0.00333,1,0.995,0.74604,0.95347,3.06213,0.90403,0.00116809,0.00116809,0.00116809
81,18.7438,0.83532,1.23002,0.91721,0.00333,1,0.995,0.77088,0.94539,2.94824,0.91046,0.0011776,0.0011776,0.0011776
82,18.9187,0.76801,0.98895,0.90568,0.00333,1,0.995,0.77088,0.94539,2.94824,0.91046,0.00118697,0.00118697,0.00118697
83,19.183,0.7727,1.17622,1.01149,0.00333,1,0.995,0.77088,0.94539,2.94824,0.91046,0.00119622,0.00119622,0.00119622
84,19.369,0.77151,1.35035,0.92799,0.40598,1,0.82833,0.61292,0.8902,2.8414,0.86083,0.00120533,0.00120533,0.00120533
85,19.5391,0.78699,1.26441,0.96931,0.40598,1,0.82833,0.61292,0.8902,2.8414,0.86083,0.0012143,0.0012143,0.0012143
86,19.71,0.76869,1.03666,0.87547,0.40598,1,0.82833,0.61292,0.8902,2.8414,0.86083,0.00122315,0.00122315,0.00122315
87,19.8844,0.65058,1.06745,0.88816,0.40598,1,0.82833,0.61292,0.8902,2.8414,0.86083,0.00123186,0.00123186,0.00123186
88,20.0637,0.65726,0.96156,0.8642,1,0.97957,0.995,0.69665,0.87401,2.59108,0.82193,0.00124045,0.00124045,0.00124045
89,20.2335,0.67052,1.18962,0.93901,1,0.97957,0.995,0.69665,0.87401,2.59108,0.82193,0.0012489,0.0012489,0.0012489
90,20.407,0.73463,1.26796,0.94289,1,0.97957,0.995,0.69665,0.87401,2.59108,0.82193,0.00125721,0.00125721,0.00125721
91,20.5772,0.7519,1.15496,0.82145,1,0.97957,0.995,0.69665,0.87401,2.59108,0.82193,0.0012654,0.0012654,0.0012654
92,20.758,0.69398,1.13503,0.88557,0.42516,0.5,0.4475,0.36794,0.71305,2.56272,0.77383,0.00127345,0.00127345,0.00127345
93,21.0043,0.67251,1.04313,0.86371,0.42516,0.5,0.4475,0.36794,0.71305,2.56272,0.77383,0.00128138,0.00128138,0.00128138
94,21.1746,0.64901,1.13547,0.90334,0.42516,0.5,0.4475,0.36794,0.71305,2.56272,0.77383,0.00128917,0.00128917,0.00128917
95,21.3456,0.77782,1.17971,0.96322,0.42516,0.5,0.4475,0.36794,0.71305,2.56272,0.77383,0.00129682,0.00129682,0.00129682
96,21.5265,0.72322,1.45344,0.91568,0.31813,1,0.398,0.30344,0.9751,3.02794,0.87681,0.00130435,0.00130435,0.00130435
97,21.6989,0.60318,1.23083,0.83433,0.31813,1,0.398,0.30344,0.9751,3.02794,0.87681,0.00131174,0.00131174,0.00131174
98,21.872,0.73187,1.29146,0.92601,0.31813,1,0.398,0.30344,0.9751,3.02794,0.87681,0.00131901,0.00131901,0.00131901
99,22.0427,0.66503,1.14537,0.92168,0.31813,1,0.398,0.30344,0.9751,3.02794,0.87681,0.00132614,0.00132614,0.00132614
100,22.2206,0.74213,1.26245,0.94679,0.88363,1,0.995,0.74563,0.9576,2.14255,0.93969,0.00133313,0.00133313,0.00133313
101,22.3923,0.83048,1.02352,0.98229,0.88363,1,0.995,0.74563,0.9576,2.14255,0.93969,0.00134,0.00134,0.00134
102,22.5635,0.81465,0.94891,0.86438,0.88363,1,0.995,0.74563,0.9576,2.14255,0.93969,0.0013334,0.0013334,0.0013334
103,22.7344,0.69354,1.18788,0.87846,0.88363,1,0.995,0.74563,0.9576,2.14255,0.93969,0.0013268,0.0013268,0.0013268
104,22.9928,0.7067,1.17769,0.93405,0.95222,1,0.995,0.82079,0.78165,2.08889,0.89379,0.0013202,0.0013202,0.0013202
105,23.1653,0.84302,1.06095,0.89402,0.95222,1,0.995,0.82079,0.78165,2.08889,0.89379,0.0013136,0.0013136,0.0013136
106,23.3424,0.72761,1.43188,0.89609,0.95222,1,0.995,0.82079,0.78165,2.08889,0.89379,0.001307,0.001307,0.001307
107,23.5244,0.65068,0.93729,0.87209,0.95222,1,0.995,0.82079,0.78165,2.08889,0.89379,0.0013004,0.0013004,0.0013004
108,23.7117,0.73729,1.09713,0.93777,1,0.90954,0.995,0.8955,0.62442,2.31656,0.83335,0.0012938,0.0012938,0.0012938
109,23.8859,0.60383,0.9804,0.93837,1,0.90954,0.995,0.8955,0.62442,2.31656,0.83335,0.0012872,0.0012872,0.0012872
110,24.0646,0.69186,0.95826,0.839,1,0.90954,0.995,0.8955,0.62442,2.31656,0.83335,0.0012806,0.0012806,0.0012806
111,24.2415,0.6571,1.07718,0.94568,1,0.90954,0.995,0.8955,0.62442,2.31656,0.83335,0.001274,0.001274,0.001274
112,24.4333,0.71209,1.03692,0.93145,1,0.94573,0.995,0.82079,0.58443,1.97968,0.81715,0.0012674,0.0012674,0.0012674
113,24.6023,0.61233,0.95562,0.84801,1,0.94573,0.995,0.82079,0.58443,1.97968,0.81715,0.0012608,0.0012608,0.0012608
114,24.7753,0.64924,1.03905,0.89948,1,0.94573,0.995,0.82079,0.58443,1.97968,0.81715,0.0012542,0.0012542,0.0012542
115,25.0459,0.68677,1.0908,0.86248,1,0.94573,0.995,0.82079,0.58443,1.97968,0.81715,0.0012476,0.0012476,0.0012476
116,25.231,0.67453,1.00752,0.84841,0.96544,1,0.995,0.84559,0.639,1.52581,0.82449,0.001241,0.001241,0.001241
117,25.4115,0.69147,0.86407,0.91057,0.96544,1,0.995,0.84559,0.639,1.52581,0.82449,0.0012344,0.0012344,0.0012344
118,25.5861,0.63913,0.97774,0.85337,0.96544,1,0.995,0.84559,0.639,1.52581,0.82449,0.0012278,0.0012278,0.0012278
119,25.7587,0.66151,0.89579,0.89736,0.96544,1,0.995,0.84559,0.639,1.52581,0.82449,0.0012212,0.0012212,0.0012212
120,25.9378,0.5538,1.00297,0.89104,0.96033,1,0.995,0.8955,0.71552,1.33389,0.8404,0.0012146,0.0012146,0.0012146
121,26.115,0.604,0.77562,0.8666,0.96033,1,0.995,0.8955,0.71552,1.33389,0.8404,0.001208,0.001208,0.001208
122,26.2921,0.60805,0.88512,0.87305,0.96033,1,0.995,0.8955,0.71552,1.33389,0.8404,0.0012014,0.0012014,0.0012014
123,26.4712,0.73009,0.90228,0.84649,0.96033,1,0.995,0.8955,0.71552,1.33389,0.8404,0.0011948,0.0011948,0.0011948
124,26.6623,0.78068,0.90706,0.96977,0.97191,1,0.995,0.8955,0.64875,1.22951,0.83579,0.0011882,0.0011882,0.0011882
125,26.8464,0.83819,1.00943,0.91346,0.97191,1,0.995,0.8955,0.64875,1.22951,0.83579,0.0011816,0.0011816,0.0011816
126,27.1061,0.66891,0.91808,0.87838,0.97191,1,0.995,0.8955,0.64875,1.22951,0.83579,0.001175,0.001175,0.001175
127,27.2893,0.84498,1.07693,0.938,0.97191,1,0.995,0.8955,0.64875,1.22951,0.83579,0.0011684,0.0011684,0.0011684
128,27.4774,0.60709,0.92797,0.83855,0.97552,1,0.995,0.92029,0.562,1.18262,0.82676,0.0011618,0.0011618,0.0011618
129,27.6652,0.54418,0.79772,0.84144,0.97552,1,0.995,0.92029,0.562,1.18262,0.82676,0.0011552,0.0011552,0.0011552
130,27.8458,0.79792,0.88558,0.90188,0.97552,1,0.995,0.92029,0.562,1.18262,0.82676,0.0011486,0.0011486,0.0011486
131,28.0254,0.58705,0.8491,0.85741,0.97552,1,0.995,0.92029,0.562,1.18262,0.82676,0.001142,0.001142,0.001142
132,28.2128,0.57858,0.89175,0.83913,0.9711,1,0.995,0.8955,0.57465,1.16759,0.82391,0.0011354,0.0011354,0.0011354
133,28.3879,0.61358,0.86529,0.89924,0.9711,1,0.995,0.8955,0.57465,1.16759,0.82391,0.0011288,0.0011288,0.0011288
134,28.5627,0.65963,0.93376,0.90321,0.9711,1,0.995,0.8955,0.57465,1.16759,0.82391,0.0011222,0.0011222,0.0011222
135,28.7368,0.59984,0.86627,0.89219,0.9711,1,0.995,0.8955,0.57465,1.16759,0.82391,0.0011156,0.0011156,0.0011156
136,28.9976,0.56449,1.06044,0.86713,0.96687,1,0.995,0.8955,0.58931,1.26335,0.81975,0.001109,0.001109,0.001109
137,29.1695,0.56435,0.98834,0.82119,0.96687,1,0.995,0.8955,0.58931,1.26335,0.81975,0.0011024,0.0011024,0.0011024
138,29.3422,0.51587,0.86188,0.81314,0.96687,1,0.995,0.8955,0.58931,1.26335,0.81975,0.0010958,0.0010958,0.0010958
139,29.5156,0.57291,0.85759,0.79798,0.96687,1,0.995,0.8955,0.58931,1.26335,0.81975,0.0010892,0.0010892,0.0010892
140,29.6972,0.68316,1.12356,0.92009,0.96257,1,0.995,0.84554,0.58504,1.18687,0.81926,0.0010826,0.0010826,0.0010826
141,29.8673,0.62465,0.92424,0.92435,0.96257,1,0.995,0.84554,0.58504,1.18687,0.81926,0.001076,0.001076,0.001076
142,30.0438,0.64228,0.95604,0.83314,0.96257,1,0.995,0.84554,0.58504,1.18687,0.81926,0.0010694,0.0010694,0.0010694
143,30.2183,0.67185,1.11042,0.93278,0.96257,1,0.995,0.84554,0.58504,1.18687,0.81926,0.0010628,0.0010628,0.0010628
144,30.4021,0.6644,0.95778,0.90795,0.96911,1,0.995,0.8955,0.57689,1.00239,0.80587,0.0010562,0.0010562,0.0010562
145,30.5793,0.6339,0.82615,0.86585,0.96911,1,0.995,0.8955,0.57689,1.00239,0.80587,0.0010496,0.0010496,0.0010496
146,30.8291,0.62971,1.01714,0.8034,0.96911,1,0.995,0.8955,0.57689,1.00239,0.80587,0.001043,0.001043,0.001043
147,31.0017,0.64659,0.87334,0.906,0.96911,1,0.995,0.8955,0.57689,1.00239,0.80587,0.0010364,0.0010364,0.0010364
148,31.1823,0.62537,0.81175,0.8636,0.97397,1,0.995,0.8955,0.60977,0.80112,0.81205,0.0010298,0.0010298,0.0010298
149,31.354,0.53085,0.89363,0.88221,0.97397,1,0.995,0.8955,0.60977,0.80112,0.81205,0.0010232,0.0010232,0.0010232
150,31.5289,0.56002,0.87492,0.92493,0.97397,1,0.995,0.8955,0.60977,0.80112,0.81205,0.0010166,0.0010166,0.0010166
151,31.7017,0.69994,0.84591,0.85055,0.97397,1,0.995,0.8955,0.60977,0.80112,0.81205,0.00101,0.00101,0.00101
152,31.8832,0.51236,0.72917,0.81604,0.97873,1,0.995,0.82079,0.63418,0.7372,0.82865,0.0010034,0.0010034,0.0010034
153,32.0611,0.57046,0.73547,0.81428,0.97873,1,0.995,0.82079,0.63418,0.7372,0.82865,0.0009968,0.0009968,0.0009968
154,32.2346,0.63192,0.88337,0.91221,0.97873,1,0.995,0.82079,0.63418,0.7372,0.82865,0.0009902,0.0009902,0.0009902
155,32.4117,0.56788,0.91658,0.84382,0.97873,1,0.995,0.82079,0.63418,0.7372,0.82865,0.0009836,0.0009836,0.0009836
156,32.6771,0.57459,0.88484,0.76606,0.9805,1,0.995,0.82079,0.68372,0.75728,0.82984,0.000977,0.000977,0.000977
157,32.8548,0.42406,0.83412,0.83769,0.9805,1,0.995,0.82079,0.68372,0.75728,0.82984,0.0009704,0.0009704,0.0009704
158,33.0331,0.64461,0.8115,0.82987,0.9805,1,0.995,0.82079,0.68372,0.75728,0.82984,0.0009638,0.0009638,0.0009638
159,33.2109,0.54261,0.81376,0.85886,0.9805,1,0.995,0.82079,0.68372,0.75728,0.82984,0.0009572,0.0009572,0.0009572
160,33.4019,0.56763,0.75777,0.86532,0.98036,1,0.995,0.74609,0.65662,0.79667,0.82729,0.0009506,0.0009506,0.0009506
161,33.5749,0.57578,0.77015,0.89619,0.98036,1,0.995,0.74609,0.65662,0.79667,0.82729,0.000944,0.000944,0.000944
162,33.7513,0.56492,0.87706,0.89628,0.98036,1,0.995,0.74609,0.65662,0.79667,0.82729,0.0009374,0.0009374,0.0009374
163,33.9245,0.55205,0.85447,0.82278,0.98036,1,0.995,0.74609,0.65662,0.79667,0.82729,0.0009308,0.0009308,0.0009308
164,34.1065,0.55252,0.80428,0.86698,0.97844,1,0.995,0.8955,0.65917,0.81515,0.83073,0.0009242,0.0009242,0.0009242
165,34.2793,0.67114,1.04602,0.9028,0.97844,1,0.995,0.8955,0.65917,0.81515,0.83073,0.0009176,0.0009176,0.0009176
166,34.5368,0.50526,0.86837,0.87264,0.97844,1,0.995,0.8955,0.65917,0.81515,0.83073,0.000911,0.000911,0.000911
167,34.7095,0.53891,0.81451,0.84411,0.97844,1,0.995,0.8955,0.65917,0.81515,0.83073,0.0009044,0.0009044,0.0009044
168,34.8913,0.62104,0.88219,0.83175,0.98065,1,0.995,0.8955,0.67914,0.76086,0.83261,0.0008978,0.0008978,0.0008978
169,35.0698,0.54859,0.77448,0.87641,0.98065,1,0.995,0.8955,0.67914,0.76086,0.83261,0.0008912,0.0008912,0.0008912
170,35.2471,0.51984,0.7778,0.80457,0.98065,1,0.995,0.8955,0.67914,0.76086,0.83261,0.0008846,0.0008846,0.0008846
171,35.4263,0.63269,0.76556,0.85144,0.98065,1,0.995,0.8955,0.67914,0.76086,0.83261,0.000878,0.000878,0.000878
172,35.6068,0.65018,0.81893,0.82809,0.98189,1,0.995,0.8955,0.70731,0.70046,0.84104,0.0008714,0.0008714,0.0008714
173,35.7848,0.48253,0.83933,0.83846,0.98189,1,0.995,0.8955,0.70731,0.70046,0.84104,0.0008648,0.0008648,0.0008648
174,35.9578,0.58032,0.74254,0.84809,0.98189,1,0.995,0.8955,0.70731,0.70046,0.84104,0.0008582,0.0008582,0.0008582
175,36.1308,0.66231,0.77584,0.8645,0.98189,1,0.995,0.8955,0.70731,0.70046,0.84104,0.0008516,0.0008516,0.0008516
176,36.3942,0.62148,0.92085,0.86313,0.98281,1,0.995,0.84559,0.74574,0.65935,0.84242,0.000845,0.000845,0.000845
177,36.5689,0.64597,0.88457,0.95675,0.98281,1,0.995,0.84559,0.74574,0.65935,0.84242,0.0008384,0.0008384,0.0008384
178,36.7477,0.52992,0.69356,0.84186,0.98281,1,0.995,0.84559,0.74574,0.65935,0.84242,0.0008318,0.0008318,0.0008318
179,36.9268,0.57954,0.75897,0.85881,0.98281,1,0.995,0.84559,0.74574,0.65935,0.84242,0.0008252,0.0008252,0.0008252
180,37.113,0.54264,0.83005,0.83926,0.98301,1,0.995,0.82079,0.76025,0.67732,0.84498,0.0008186,0.0008186,0.0008186
181,37.2943,0.52633,0.75474,0.80296,0.98301,1,0.995,0.82079,0.76025,0.67732,0.84498,0.000812,0.000812,0.000812
182,37.4784,0.48167,0.67019,0.78759,0.98301,1,0.995,0.82079,0.76025,0.67732,0.84498,0.0008054,0.0008054,0.0008054
183,37.6563,0.61618,0.79759,0.89221,0.98301,1,0.995,0.82079,0.76025,0.67732,0.84498,0.0007988,0.0007988,0.0007988
184,37.8392,0.57943,0.70033,0.82162,0.98308,1,0.995,0.82079,0.74962,0.6144,0.84096,0.0007922,0.0007922,0.0007922
185,38.0181,0.55134,0.68802,0.83761,0.98308,1,0.995,0.82079,0.74962,0.6144,0.84096,0.0007856,0.0007856,0.0007856
186,38.273,0.43566,0.74376,0.83935,0.98308,1,0.995,0.82079,0.74962,0.6144,0.84096,0.000779,0.000779,0.000779
187,38.4472,0.67112,0.93646,0.96945,0.98308,1,0.995,0.82079,0.74962,0.6144,0.84096,0.0007724,0.0007724,0.0007724
188,38.6279,0.57441,0.71238,0.82535,0.98308,1,0.995,0.84554,0.69571,0.64934,0.84514,0.0007658,0.0007658,0.0007658
189,38.8017,0.51944,0.73641,0.80792,0.98308,1,0.995,0.84554,0.69571,0.64934,0.84514,0.0007592,0.0007592,0.0007592
190,38.9754,0.65892,0.76009,0.84748,0.98308,1,0.995,0.84554,0.69571,0.64934,0.84514,0.0007526,0.0007526,0.0007526
191,39.1484,0.51901,0.69708,0.8171,0.98308,1,0.995,0.84554,0.69571,0.64934,0.84514,0.000746,0.000746,0.000746
192,39.3357,0.69076,0.7923,0.86283,0.98363,1,0.995,0.84554,0.64821,0.6752,0.8348,0.0007394,0.0007394,0.0007394
193,39.5154,0.45851,0.67565,0.80766,0.98363,1,0.995,0.84554,0.64821,0.6752,0.8348,0.0007328,0.0007328,0.0007328
194,39.6942,0.61375,0.76672,0.8836,0.98363,1,0.995,0.84554,0.64821,0.6752,0.8348,0.0007262,0.0007262,0.0007262
195,39.8688,0.61257,0.76364,0.83948,0.98363,1,0.995,0.84554,0.64821,0.6752,0.8348,0.0007196,0.0007196,0.0007196
196,40.1577,0.57144,0.73598,0.85544,0.98355,1,0.995,0.8955,0.63778,0.60631,0.83459,0.000713,0.000713,0.000713
197,40.344,0.59638,0.76193,0.81842,0.98355,1,0.995,0.8955,0.63778,0.60631,0.83459,0.0007064,0.0007064,0.0007064
198,40.5229,0.52412,0.69462,0.78487,0.98355,1,0.995,0.8955,0.63778,0.60631,0.83459,0.0006998,0.0006998,0.0006998
199,40.6984,0.51098,0.68983,0.82008,0.98355,1,0.995,0.8955,0.63778,0.60631,0.83459,0.0006932,0.0006932,0.0006932
200,40.886,0.55974,0.91122,0.87748,0.98366,1,0.995,0.84554,0.6403,0.56692,0.8457,0.0006866,0.0006866,0.0006866
201,41.0611,0.5501,0.75795,0.87271,0.98366,1,0.995,0.84554,0.6403,0.56692,0.8457,0.00068,0.00068,0.00068
202,41.2399,0.55723,0.73311,0.92719,0.98366,1,0.995,0.84554,0.6403,0.56692,0.8457,0.0006734,0.0006734,0.0006734
203,41.4152,0.49195,0.80082,0.87385,0.98366,1,0.995,0.84554,0.6403,0.56692,0.8457,0.0006668,0.0006668,0.0006668
204,41.6062,0.59412,0.77154,0.89391,0.98403,1,0.995,0.84554,0.62778,0.58183,0.84723,0.0006602,0.0006602,0.0006602
205,41.7856,0.7579,0.93879,0.93797,0.98403,1,0.995,0.84554,0.62778,0.58183,0.84723,0.0006536,0.0006536,0.0006536
206,42.0418,0.6362,0.91964,0.82782,0.98403,1,0.995,0.84554,0.62778,0.58183,0.84723,0.000647,0.000647,0.000647
207,42.2138,0.59925,0.7624,0.86475,0.98403,1,0.995,0.84554,0.62778,0.58183,0.84723,0.0006404,0.0006404,0.0006404
208,42.3972,0.66886,0.74069,0.91321,0.9837,1,0.995,0.94504,0.5803,0.58543,0.84892,0.0006338,0.0006338,0.0006338
209,42.5792,0.62408,0.81912,0.89291,0.9837,1,0.995,0.94504,0.5803,0.58543,0.84892,0.0006272,0.0006272,0.0006272
210,42.76,0.53552,0.76148,0.89721,0.9837,1,0.995,0.94504,0.5803,0.58543,0.84892,0.0006206,0.0006206,0.0006206
211,42.9395,0.59162,0.70645,0.90622,0.9837,1,0.995,0.94504,0.5803,0.58543,0.84892,0.000614,0.000614,0.000614
212,43.1338,0.54029,0.71039,0.81985,0.98291,1,0.995,0.94504,0.5708,0.58004,0.84499,0.0006074,0.0006074,0.0006074
213,43.3221,0.5519,0.80667,0.84911,0.98291,1,0.995,0.94504,0.5708,0.58004,0.84499,0.0006008,0.0006008,0.0006008
214,43.5029,0.53186,0.72684,0.80561,0.98291,1,0.995,0.94504,0.5708,0.58004,0.84499,0.0005942,0.0005942,0.0005942
215,43.6854,0.49731,0.8276,0.88708,0.98291,1,0.995,0.94504,0.5708,0.58004,0.84499,0.0005876,0.0005876,0.0005876
216,43.962,0.69366,0.866,0.86524,0.98275,1,0.995,0.8955,0.54404,0.59021,0.84036,0.000581,0.000581,0.000581
217,44.1409,0.49229,0.66417,0.84155,0.98275,1,0.995,0.8955,0.54404,0.59021,0.84036,0.0005744,0.0005744,0.0005744
218,44.3251,0.44612,0.69588,0.8277,0.98275,1,0.995,0.8955,0.54404,0.59021,0.84036,0.0005678,0.0005678,0.0005678
219,44.5042,0.51465,0.70651,0.785,0.98275,1,0.995,0.8955,0.54404,0.59021,0.84036,0.0005612,0.0005612,0.0005612
220,44.6855,0.5654,0.68146,0.87345,0.98314,1,0.995,0.89508,0.57057,0.70026,0.86698,0.0005546,0.0005546,0.0005546
221,44.8661,0.4859,0.64719,0.84905,0.98314,1,0.995,0.89508,0.57057,0.70026,0.86698,0.000548,0.000548,0.000548
222,45.0451,0.46683,0.59983,0.78066,0.98314,1,0.995,0.89508,0.57057,0.70026,0.86698,0.0005414,0.0005414,0.0005414
223,45.2243,0.43423,0.67909,0.83339,0.98314,1,0.995,0.89508,0.57057,0.70026,0.86698,0.0005348,0.0005348,0.0005348
224,45.4105,0.52444,0.74137,0.81583,0.98348,1,0.995,0.84554,0.59349,0.70452,0.86809,0.0005282,0.0005282,0.0005282
225,45.5868,0.48495,0.63387,0.84301,0.98348,1,0.995,0.84554,0.59349,0.70452,0.86809,0.0005216,0.0005216,0.0005216
226,45.8697,0.45809,0.65706,0.85505,0.98348,1,0.995,0.84554,0.59349,0.70452,0.86809,0.000515,0.000515,0.000515
227,46.042,0.51484,0.64567,0.86259,0.98348,1,0.995,0.84554,0.59349,0.70452,0.86809,0.0005084,0.0005084,0.0005084
228,46.2274,0.49003,0.7746,0.88458,0.98357,1,0.995,0.995,0.56229,0.70263,0.86232,0.0005018,0.0005018,0.0005018
229,46.4175,0.48863,0.68015,0.82937,0.98357,1,0.995,0.995,0.56229,0.70263,0.86232,0.0004952,0.0004952,0.0004952
230,46.6047,0.49458,0.60767,0.86818,0.98357,1,0.995,0.995,0.56229,0.70263,0.86232,0.0004886,0.0004886,0.0004886
231,46.7857,0.55867,0.97448,0.9657,0.98357,1,0.995,0.995,0.56229,0.70263,0.86232,0.000482,0.000482,0.000482
232,46.9828,0.49398,0.5923,0.77939,0.9831,1,0.995,0.94504,0.51655,0.65577,0.84123,0.0004754,0.0004754,0.0004754
233,47.1569,0.44211,0.64306,0.76752,0.9831,1,0.995,0.94504,0.51655,0.65577,0.84123,0.0004688,0.0004688,0.0004688
234,47.3317,0.42987,0.68005,0.79201,0.9831,1,0.995,0.94504,0.51655,0.65577,0.84123,0.0004622,0.0004622,0.0004622
235,47.5065,0.51265,0.72142,0.94586,0.9831,1,0.995,0.94504,0.51655,0.65577,0.84123,0.0004556,0.0004556,0.0004556
236,47.8055,0.4733,0.64112,0.8605,0.98319,1,0.995,0.94504,0.47351,0.59394,0.82442,0.000449,0.000449,0.000449
237,47.9806,0.49348,0.74314,0.83619,0.98319,1,0.995,0.94504,0.47351,0.59394,0.82442,0.0004424,0.0004424,0.0004424
238,48.1567,0.55839,0.74385,0.85234,0.98319,1,0.995,0.94504,0.47351,0.59394,0.82442,0.0004358,0.0004358,0.0004358
239,48.334,0.42201,0.61242,0.8562,0.98319,1,0.995,0.94504,0.47351,0.59394,0.82442,0.0004292,0.0004292,0.0004292
240,48.5222,0.41579,0.60949,0.82163,0.98306,1,0.995,0.8955,0.50298,0.53739,0.82593,0.0004226,0.0004226,0.0004226
241,48.6957,0.37787,0.56389,0.81289,0.98306,1,0.995,0.8955,0.50298,0.53739,0.82593,0.000416,0.000416,0.000416
242,48.8713,0.47037,0.77729,0.84794,0.98306,1,0.995,0.8955,0.50298,0.53739,0.82593,0.0004094,0.0004094,0.0004094
243,49.0452,0.52375,0.64379,0.83996,0.98306,1,0.995,0.8955,0.50298,0.53739,0.82593,0.0004028,0.0004028,0.0004028
244,49.2267,0.46625,0.65626,0.84893,0.9829,1,0.995,0.8955,0.52524,0.5516,0.82381,0.0003962,0.0003962,0.0003962
245,49.3986,0.39401,0.66735,0.7765,0.9829,1,0.995,0.8955,0.52524,0.5516,0.82381,0.0003896,0.0003896,0.0003896
246,49.6639,0.44536,0.62527,0.83738,0.9829,1,0.995,0.8955,0.52524,0.5516,0.82381,0.000383,0.000383,0.000383
247,49.8388,0.41967,0.61614,0.82147,0.9829,1,0.995,0.8955,0.52524,0.5516,0.82381,0.0003764,0.0003764,0.0003764
248,50.0213,0.43089,0.63842,0.76764,0.98289,1,0.995,0.8955,0.5357,0.54516,0.8238,0.0003698,0.0003698,0.0003698
249,50.1968,0.37988,0.6171,0.80255,0.98289,1,0.995,0.8955,0.5357,0.54516,0.8238,0.0003632,0.0003632,0.0003632
250,50.3715,0.39896,0.66401,0.85148,0.98289,1,0.995,0.8955,0.5357,0.54516,0.8238,0.0003566,0.0003566,0.0003566
251,50.5465,0.36867,0.66537,0.76342,0.98289,1,0.995,0.8955,0.5357,0.54516,0.8238,0.00035,0.00035,0.00035
252,50.7341,0.43505,0.64109,0.88154,0.98303,1,0.995,0.8955,0.55005,0.51771,0.82067,0.0003434,0.0003434,0.0003434
253,50.9084,0.44425,0.62181,0.83958,0.98303,1,0.995,0.8955,0.55005,0.51771,0.82067,0.0003368,0.0003368,0.0003368
254,51.0816,0.43044,0.58452,0.82763,0.98303,1,0.995,0.8955,0.55005,0.51771,0.82067,0.0003302,0.0003302,0.0003302
255,51.2562,0.4163,0.62558,0.86686,0.98303,1,0.995,0.8955,0.55005,0.51771,0.82067,0.0003236,0.0003236,0.0003236
256,51.5176,0.35003,0.61933,0.7315,0.98286,1,0.995,0.8955,0.56344,0.48752,0.82081,0.000317,0.000317,0.000317
257,51.6938,0.41023,0.72143,0.774,0.98286,1,0.995,0.8955,0.56344,0.48752,0.82081,0.0003104,0.0003104,0.0003104
258,51.8701,0.4317,0.71906,0.85496,0.98286,1,0.995,0.8955,0.56344,0.48752,0.82081,0.0003038,0.0003038,0.0003038
259,52.0429,0.40445,0.61583,0.85891,0.98286,1,0.995,0.8955,0.56344,0.48752,0.82081,0.0002972,0.0002972,0.0002972
260,52.2281,0.47358,0.73724,0.79035,0.9831,1,0.995,0.8955,0.57917,0.52827,0.82496,0.0002906,0.0002906,0.0002906
261,52.4024,0.50564,0.74747,0.83226,0.9831,1,0.995,0.8955,0.57917,0.52827,0.82496,0.000284,0.000284,0.000284
262,52.5818,0.56082,0.68972,0.80927,0.9831,1,0.995,0.8955,0.57917,0.52827,0.82496,0.0002774,0.0002774,0.0002774
263,52.7623,0.48675,0.61004,0.80353,0.9831,1,0.995,0.8955,0.57917,0.52827,0.82496,0.0002708,0.0002708,0.0002708
264,52.9435,0.53479,0.64472,0.80878,0.98328,1,0.995,0.8955,0.62228,0.5469,0.83858,0.0002642,0.0002642,0.0002642
265,53.1185,0.48097,0.75324,0.82,0.98328,1,0.995,0.8955,0.62228,0.5469,0.83858,0.0002576,0.0002576,0.0002576
266,53.3819,0.33583,0.62135,0.83127,0.98328,1,0.995,0.8955,0.62228,0.5469,0.83858,0.000251,0.000251,0.000251
267,53.5606,0.49416,0.69049,0.84789,0.98328,1,0.995,0.8955,0.62228,0.5469,0.83858,0.0002444,0.0002444,0.0002444
268,53.7465,0.42355,0.62603,0.86588,0.98305,1,0.995,0.8955,0.64312,0.54993,0.85093,0.0002378,0.0002378,0.0002378
269,53.921,0.39157,0.61556,0.7483,0.98305,1,0.995,0.8955,0.64312,0.54993,0.85093,0.0002312,0.0002312,0.0002312
270,54.0948,0.37769,0.60591,0.81812,0.98305,1,0.995,0.8955,0.64312,0.54993,0.85093,0.0002246,0.0002246,0.0002246
271,54.2682,0.40245,0.58953,0.80081,0.98305,1,0.995,0.8955,0.64312,0.54993,0.85093,0.000218,0.000218,0.000218
272,54.4493,0.35552,0.59735,0.8489,0.98301,1,0.995,0.8955,0.63179,0.52693,0.84968,0.0002114,0.0002114,0.0002114
273,54.6225,0.38641,0.57933,0.83438,0.98301,1,0.995,0.8955,0.63179,0.52693,0.84968,0.0002048,0.0002048,0.0002048
274,54.8,0.35271,0.71685,0.81535,0.98301,1,0.995,0.8955,0.63179,0.52693,0.84968,0.0001982,0.0001982,0.0001982
275,54.9792,0.37897,0.57379,0.75706,0.98301,1,0.995,0.8955,0.63179,0.52693,0.84968,0.0001916,0.0001916,0.0001916
276,55.2443,0.36904,0.61124,0.88979,0.98284,1,0.995,0.8955,0.60746,0.51555,0.84275,0.000185,0.000185,0.000185
277,55.4225,0.45944,0.65579,0.82922,0.98284,1,0.995,0.8955,0.60746,0.51555,0.84275,0.0001784,0.0001784,0.0001784
278,55.5996,0.47984,0.66912,0.80149,0.98284,1,0.995,0.8955,0.60746,0.51555,0.84275,0.0001718,0.0001718,0.0001718
279,55.7745,0.42001,0.62674,0.81144,0.98284,1,0.995,0.8955,0.60746,0.51555,0.84275,0.0001652,0.0001652,0.0001652
280,55.9613,0.38401,0.64029,0.8113,0.98255,1,0.995,0.8955,0.58492,0.5208,0.85214,0.0001586,0.0001586,0.0001586
281,56.142,0.42618,0.65495,0.84682,0.98255,1,0.995,0.8955,0.58492,0.5208,0.85214,0.000152,0.000152,0.000152
282,56.3163,0.43105,0.68335,0.77334,0.98255,1,0.995,0.8955,0.58492,0.5208,0.85214,0.0001454,0.0001454,0.0001454
283,56.4958,0.4467,0.58296,0.85884,0.98255,1,0.995,0.8955,0.58492,0.5208,0.85214,0.0001388,0.0001388,0.0001388
284,56.691,0.39176,0.5537,0.77573,0.98273,1,0.995,0.8955,0.55684,0.51676,0.84914,0.0001322,0.0001322,0.0001322
285,56.8773,0.30924,0.59673,0.80855,0.98273,1,0.995,0.8955,0.55684,0.51676,0.84914,0.0001256,0.0001256,0.0001256
286,57.1659,0.35701,0.56415,0.78706,0.98273,1,0.995,0.8955,0.55684,0.51676,0.84914,0.000119,0.000119,0.000119
287,57.3428,0.44749,0.5733,0.78801,0.98273,1,0.995,0.8955,0.55684,0.51676,0.84914,0.0001124,0.0001124,0.0001124
288,57.5318,0.37032,0.57579,0.80117,0.98272,1,0.995,0.8955,0.55718,0.51375,0.8482,0.0001058,0.0001058,0.0001058
289,57.7103,0.34749,0.55595,0.78198,0.98272,1,0.995,0.8955,0.55718,0.51375,0.8482,9.92e-05,9.92e-05,9.92e-05
290,57.8863,0.3431,0.59406,0.82905,0.98272,1,0.995,0.8955,0.55718,0.51375,0.8482,9.26e-05,9.26e-05,9.26e-05
291,58.4367,0.32499,0.71756,0.81577,0.98272,1,0.995,0.8955,0.55718,0.51375,0.8482,8.6e-05,8.6e-05,8.6e-05
292,58.6575,0.35229,0.77459,0.78051,0.98248,1,0.995,0.8955,0.56258,0.49695,0.85,7.94e-05,7.94e-05,7.94e-05
293,58.8575,0.35568,0.73556,0.79311,0.98248,1,0.995,0.8955,0.56258,0.49695,0.85,7.28e-05,7.28e-05,7.28e-05
294,59.0491,0.3879,0.77023,0.79445,0.98248,1,0.995,0.8955,0.56258,0.49695,0.85,6.62e-05,6.62e-05,6.62e-05
295,59.3484,0.30361,0.70755,0.7486,0.98248,1,0.995,0.8955,0.56258,0.49695,0.85,5.96e-05,5.96e-05,5.96e-05
296,59.5392,0.32725,0.74484,0.83231,0.98242,1,0.995,0.8955,0.57266,0.4921,0.85389,5.3e-05,5.3e-05,5.3e-05
297,59.712,0.35678,0.71844,0.84439,0.98242,1,0.995,0.8955,0.57266,0.4921,0.85389,4.64e-05,4.64e-05,4.64e-05
298,59.8907,0.35654,0.70245,0.77003,0.98242,1,0.995,0.8955,0.57266,0.4921,0.85389,3.98e-05,3.98e-05,3.98e-05
299,60.0684,0.35106,0.70489,0.87073,0.98242,1,0.995,0.8955,0.57266,0.4921,0.85389,3.32e-05,3.32e-05,3.32e-05
300,60.2483,0.37728,0.72599,0.84928,0.98268,1,0.995,0.8955,0.57184,0.48574,0.85694,2.66e-05,2.66e-05,2.66e-05
